ゴリランダー,インテレオン,アオガラス,オンバット,コマタナ,ストリンダー,
ゴリランダー,インテレオン,アオガラス,オンバット,コマタナ,ストリンダー,
ゴリランダー,インテレオン,アオガラス,オンバット,コマタナ,ストリンダー,
ゴリランダー,インテレオン,アオガラス,オンバット,コマタナ,ストリンダー,
ゴリランダー,インテレオン,アオガラス,オンバット,コマタナ,ストリンダー,
ゴリランダー,インテレオン,アオガラス,オンバット,コマタナ,ストリンダー,
ゴリランダー,インテレオン,アオガラス,オンバット,コマタナ,ストリンダー,
ゴリランダー,インテレオン,アオガラス,オンバット,コマタナ,ストリンダー,
ゴリランダー,インテレオン,アオガラス,オンバット,コマタナ,ストリンダー
ゴリランダー,インテレオン,アオガラス,オンバット,コマタナ,ストリンダー
ゴリランダー,インテレオン,アオガラス,オンバット,コマタナ,ストリンダー
ゴリランダー,インテレオン,アオガラス,オンバット,コマタナ,ストリンダー
ナマコブシ,--,--,--,--,--
アーマーガア,ドリュウズ,ブラッキー,ドヒドイデ,ウォッシュロトム,ドラパルト
アーマーガア,ドリュウズ,ブラッキー,ドヒドイデ,ウォッシュロトム,ドラパルト
オニゴーリ,コータス,ギルガルド,ジュラルドン,ウオノラゴン,リザードン
オニゴーリ,コータス,ギルガルド,ジュラルドン,ウオノラゴン,リザードン
オニゴーリ,コータス,ギルガルド,ジュラルドン,ウオノラゴン,リザードン
ガマゲロゲ,マホイップ,ブラッキー,カビゴン,ギルガルド,ドラパルト
アーマーガア,ドリュウズ,ブラッキー,ドヒドイデ,ウォッシュロトム,ドラパルト
--,--,--,--,--,--
アーマーガア,ドリュウズ,ブラッキー,ドヒドイデ,ウォッシュロトム,ドラパルト
アーマーガア,ドリュウズ,ブラッキー,ドヒドイデ,ウォッシュロトム,ドラパルト
アーマーガア,ドリュウズ,ブラッキー,ドヒドイデ,ウォッシュロトム,ドラパルト
アーマーガア,ドリュウズ,ブラッキー,ドヒドイデ,ウォッシュロトム,ドラパルト
オニゴーリ,コータス,ギルガルド,ジュラルドン,ウオノラゴン,リザードン
オニゴーリ,コータス,ギルガルド,ジュラルドン,ウオノラゴン,リザードン
オニゴーリ,コータス,ギルガルド,ジュラルドン,ウオノラゴン,リザードン
オニゴーリ,コータス,ギルガルド,ジュラルドン,ウオノラゴン,リザードン
オニゴーリ,コータス,ギルガルド,ジュラルドン,ウオノラゴン,リザードン
アーマーガア,ドリュウズ,ブラッキー,ドヒドイデ,ウォッシュロトム,ドラパルト
アーマーガア,ドリュウズ,ブラッキー,ドヒドイデ,ウォッシュロトム,ドラパルト
